kernel,n,reps,time_ms,gflops,bandwidth_GBps,check
ijk,512,2,2574.639,0.209,1.671,-9.690600e+00
ikj,512,2,152.038,3.531,42.401,-9.690600e+00
