kernel,n,reps,time_ms,gflops,bandwidth_GBps,check
ijk,512,2,1964.392,0.273,2.191,-9.690600e+00
ikj,512,2,1395.264,0.385,4.620,-9.690600e+00
