N,total,add_noise,init_b,compute_addition,reduction,fs,fp
5000000,81391967,25000002,13750009,30000004,12500006,0.3071556435047208,0.6911003760358808
10000000,162642161,50000002,27500009,60000004,25000006,0.3074233746808123,0.6917026821846028
100000000,1626421610,500000020,275000090,600000040,250000060,0.3074233746808123,0.6917026821846028
